<?xml version="1.0" encoding="UTF-8" ?>
<!DOCTYPE mapper PUBLIC "-//mybatis.org//DTD Mapper 3.0//EN"
  "http://mybatis.org/dtd/mybatis-3-mapper.dtd">

<mapper namespace="ArticleDAO">

	<!-- ResultMap 등록 -->
	<resultMap id="articleResult" type="article">
		<result property="title" column="article_title"/>
		<result property="content" column="article_content"/>
	</resultMap>
	<!-- <![CDATA[]]> : 블록 안의 코드를 문자열로 처리해줌 -->
	<select id="selectById" resultMap="articleResult">
	<![CDATA[
		SELECT * FROM SPRING_CRUD WHERE ARTICLE_ID = (SELECT MAX(ARTICLE_ID) FROM SPRING_CRUD)
		]]>
	</select>
	
	<insert id="insert">
	<![CDATA[
		INSERT INTO SPRING_CRUD(ARTICLE_ID, ARTICLE_TITLE, ARTICLE_CONTENT)
		VALUES(IDX_SEQ.NEXTVAL, #{title}, #{content})
		]]>
	</insert>

	<update id="update">
	<![CDATA[
		UPDATE SPRING_CRUD SET ARTICLE_TITLE = #{title}, ARTICLE_CONTENT = #{content} 
		WHERE ARTICLE_ID = (SELECT MAX(ARTICLE_ID) FROM SPRING_CRUD)
		]]>
	</update>
	

	<delete id="delete">
	<![CDATA[
		DELETE FROM SPRING_CRUD WHERE ARTICLE_ID = (SELECT MAX(ARTICLE_ID) FROM SPRING_CRUD)
		]]>
	</delete>

</mapper>
